city;orientacao;vidro;WWR;briseh;brisev;Heating;Cooling;InteriorLights;InteriorEquipment;Fans;TotalElectricity
Ssa;N;0.8;0.4;0;0;0;1596;752;1002;120;3470
Ssa;N;0.8;0.5;0;0;0;1677;752;1002;129;3560
Ssa;N;0.8;0.6;0;0;0;1756;752;1002;139;3649
Ssa;N;0.8;0.4;10;0;0;1522;752;1002;104;3380
Ssa;N;0.8;0.5;10;0;0;1586;752;1002;110;3450
Ssa;N;0.8;0.6;10;0;0;1645;752;1002;116;3514
Ssa;N;0.8;0.4;20;0;0;1480;752;1002;101;3335
Ssa;N;0.8;0.5;20;0;0;1543;752;1002;107;3404
Ssa;N;0.8;0.6;20;0;0;1604;752;1002;113;3471
Ssa;N;0.8;0.4;30;0;0;1452;752;1002;100;3306
Ssa;N;0.8;0.5;30;0;0;1514;752;1002;105;3373
Ssa;N;0.8;0.6;30;0;0;1581;752;1002;112;3446
Ssa;N;0.8;0.4;0;4;0;1477;752;1002;107;3338
Ssa;N;0.8;0.5;0;4;0;1540;752;1002;114;3408
Ssa;N;0.8;0.6;0;4;0;1601;752;1002;122;3477
Ssa;N;0.8;0.4;0;6;0;1527;752;1002;104;3384
Ssa;N;0.8;0.5;0;6;0;1580;752;1002;109;3443
Ssa;N;0.8;0.6;0;6;0;1529;752;1002;115;3397
Ssa;N;0.8;0.4;0;8;0;1511;752;1002;102;3368
Ssa;N;0.8;0.5;0;8;0;1562;752;1002;107;3424
Ssa;N;0.8;0.6;0;8;0;1612;752;1002;112;3478
Ssa;N;0.7;0.4;0;0;0;1556;752;1002;116;3426
Ssa;N;0.7;0.5;0;0;0;1629;752;1002;125;3508
Ssa;N;0.7;0.6;0;0;0;1703;752;1002;133;3590
Ssa;N;0.7;0.4;10;0;0;1504;752;1002;102;3359
Ssa;N;0.7;0.5;10;0;0;1563;752;1002;107;3424
Ssa;N;0.7;0.6;10;0;0;1616;752;1002;113;3483
Ssa;N;0.7;0.4;20;0;0;1462;752;1002;99;3315
Ssa;N;0.7;0.5;20;0;0;1520;752;1002;104;3378
Ssa;N;0.7;0.6;20;0;0;1576;752;1002;110;3440
Ssa;N;0.7;0.4;30;0;0;1435;752;1002;98;3287
Ssa;N;0.7;0.5;30;0;0;1492;752;1002;102;3348
Ssa;N;0.7;0.6;30;0;0;1553;752;1002;109;3415
Ssa;N;0.7;0.4;0;4;0;1449;752;1002;105;3307
Ssa;N;0.7;0.5;0;4;0;1500;752;1002;111;3365
Ssa;N;0.7;0.6;0;4;0;1555;752;1002;118;3428
Ssa;N;0.7;0.4;0;6;0;1508;752;1002;102;3364
Ssa;N;0.7;0.5;0;6;0;1558;752;1002;106;3418
Ssa;N;0.7;0.6;0;6;0;1504;752;1002;113;3372
Ssa;N;0.7;0.4;0;8;0;1494;752;1002;100;3348
Ssa;N;0.7;0.5;0;8;0;1541;752;1002;105;3400
Ssa;N;0.7;0.6;0;8;0;1583;752;1002;110;3447
Ssa;N;0.6;0.4;0;0;0;1524;752;1002;113;3391
Ssa;N;0.6;0.5;0;0;0;1592;752;1002;121;3467
Ssa;N;0.6;0.6;0;0;0;1656;752;1002;129;3539
Ssa;N;0.6;0.4;10;0;0;1485;752;1002;100;3339
Ssa;N;0.6;0.5;10;0;0;1539;752;1002;105;3398
Ssa;N;0.6;0.6;10;0;0;1589;752;1002;110;3453
Ssa;N;0.6;0.4;20;0;0;1445;752;1002;97;3296
Ssa;N;0.6;0.5;20;0;0;1497;752;1002;102;3353
Ssa;N;0.6;0.6;20;0;0;1553;752;1002;108;3414
Ssa;N;0.6;0.4;30;0;0;1421;752;1002;96;3271
Ssa;N;0.6;0.5;30;0;0;1471;752;1002;100;3325
Ssa;N;0.6;0.6;30;0;0;1530;752;1002;106;3389
Ssa;N;0.6;0.4;0;4;0;1414;752;1002;103;3270
Ssa;N;0.6;0.5;0;4;0;1468;752;1002;109;3331
Ssa;N;0.6;0.6;0;4;0;1523;752;1002;116;3393
Ssa;N;0.6;0.4;0;6;0;1490;752;1002;100;3344
Ssa;N;0.6;0.5;0;6;0;1432;752;1002;105;3291
Ssa;N;0.6;0.6;0;6;0;1482;752;1002;111;3347
Ssa;N;0.6;0.4;0;8;0;1476;752;1002;99;3329
Ssa;N;0.6;0.5;0;8;0;1519;752;1002;103;3376
Ssa;N;0.6;0.6;0;8;0;1561;752;1002;107;3423
Ssa;N;0.5;0.4;0;0;0;1499;752;1002;110;3363
Ssa;N;0.5;0.5;0;0;0;1558;752;1002;117;3429
Ssa;N;0.5;0.6;0;0;0;1618;752;1002;125;3497
Ssa;N;0.5;0.4;10;0;0;1472;752;1002;98;3324
Ssa;N;0.5;0.5;10;0;0;1519;752;1002;103;3376
Ssa;N;0.5;0.6;10;0;0;1569;752;1002;108;3430
Ssa;N;0.5;0.4;20;0;0;1432;752;1002;96;3282
Ssa;N;0.5;0.5;20;0;0;1480;752;1002;100;3334
Ssa;N;0.5;0.6;20;0;0;1529;752;1002;105;3388
Ssa;N;0.5;0.4;30;0;0;1407;752;1002;95;3256
Ssa;N;0.5;0.5;30;0;0;1455;752;1002;98;3307
Ssa;N;0.5;0.6;30;0;0;1507;752;1002;104;3364
Ssa;N;0.5;0.4;0;4;0;1398;752;1002;101;3253
Ssa;N;0.5;0.5;0;4;0;1451;752;1002;108;3312
Ssa;N;0.5;0.6;0;4;0;1503;752;1002;114;3370
Ssa;N;0.5;0.4;0;6;0;1477;752;1002;98;3329
Ssa;N;0.5;0.5;0;6;0;1415;752;1002;104;3273
Ssa;N;0.5;0.6;0;6;0;1462;752;1002;109;3325
Ssa;N;0.5;0.4;0;8;0;1463;752;1002;97;3314
Ssa;N;0.5;0.5;0;8;0;1503;752;1002;101;3358
Ssa;N;0.5;0.6;0;8;0;1539;752;1002;105;3398
Ssa;N;0.4;0.4;0;0;0;1484;752;1002;110;3348
Ssa;N;0.4;0.5;0;0;0;1542;752;1002;117;3412
Ssa;N;0.4;0.6;0;0;0;1598;752;1002;124;3476
Ssa;N;0.4;0.4;10;0;0;1464;752;1002;97;3315
Ssa;N;0.4;0.5;10;0;0;1509;752;1002;102;3365
Ssa;N;0.4;0.6;10;0;0;1557;752;1002;106;3417
Ssa;N;0.4;0.4;20;0;0;1424;752;1002;95;3272
Ssa;N;0.4;0.5;20;0;0;1469;752;1002;99;3321
Ssa;N;0.4;0.6;20;0;0;1515;752;1002;104;3373
Ssa;N;0.4;0.4;30;0;0;1409;752;1002;93;3256
Ssa;N;0.4;0.5;30;0;0;1444;752;1002;97;3295
Ssa;N;0.4;0.6;30;0;0;1495;752;1002;102;3351
Ssa;N;0.4;0.4;0;4;0;1402;752;1002;103;3259
Ssa;N;0.4;0.5;0;4;0;1454;752;1002;109;3317
Ssa;N;0.4;0.6;0;4;0;1505;752;1002;115;3374
Ssa;N;0.4;0.4;0;6;0;1377;752;1002;100;3230
Ssa;N;0.4;0.5;0;6;0;1424;752;1002;106;3283
Ssa;N;0.4;0.6;0;6;0;1470;752;1002;111;3335
Ssa;N;0.4;0.4;0;8;0;1455;752;1002;96;3306
Ssa;N;0.4;0.5;0;8;0;1399;752;1002;103;3256
Ssa;N;0.4;0.6;0;8;0;1442;752;1002;108;3304
Ssa;N;0.3;0.4;0;0;0;1454;752;1002;107;3315
Ssa;N;0.3;0.5;0;0;0;1505;752;1002;113;3372
Ssa;N;0.3;0.6;0;0;0;1544;752;1002;120;3417
Ssa;N;0.3;0.4;10;0;0;1443;752;1002;95;3292
Ssa;N;0.3;0.5;10;0;0;1487;752;1002;100;3340
Ssa;N;0.3;0.6;10;0;0;1472;752;1002;105;3331
Ssa;N;0.3;0.4;20;0;0;1408;752;1002;93;3255
Ssa;N;0.3;0.5;20;0;0;1444;752;1002;97;3295
Ssa;N;0.3;0.6;20;0;0;1488;752;1002;101;3342
Ssa;N;0.3;0.4;30;0;0;1395;752;1002;92;3240
Ssa;N;0.3;0.5;30;0;0;1424;752;1002;95;3273
Ssa;N;0.3;0.6;30;0;0;1466;752;1002;99;3320
Ssa;N;0.3;0.4;0;4;0;1386;752;1002;101;3241
Ssa;N;0.3;0.5;0;4;0;1433;752;1002;107;3293
Ssa;N;0.3;0.6;0;4;0;1478;752;1002;113;3345
Ssa;N;0.3;0.4;0;6;0;1362;752;1002;98;3215
Ssa;N;0.3;0.5;0;6;0;1405;752;1002;104;3262
Ssa;N;0.3;0.6;0;6;0;1446;752;1002;109;3309
Ssa;N;0.3;0.4;0;8;0;1341;752;1002;96;3192
Ssa;N;0.3;0.5;0;8;0;1380;752;1002;101;3236
Ssa;N;0.3;0.6;0;8;0;1418;752;1002;106;3279
Ssa;L;0.8;0.4;0;0;0;1868;752;1002;151;3773
Ssa;L;0.8;0.5;0;0;0;2003;752;1002;169;3925
Ssa;L;0.8;0.6;0;0;0;2134;752;1002;186;4074
Ssa;L;0.8;0.4;10;0;0;1695;752;1002;127;3576
Ssa;L;0.8;0.5;10;0;0;1803;752;1002;145;3702
Ssa;L;0.8;0.6;10;0;0;1935;752;1002;162;3850
Ssa;L;0.8;0.4;20;0;0;1598;752;1002;117;3469
Ssa;L;0.8;0.5;20;0;0;1698;752;1002;128;3580
Ssa;L;0.8;0.6;20;0;0;1784;752;1002;143;3681
Ssa;L;0.8;0.4;30;0;0;1544;752;1002;112;3409
Ssa;L;0.8;0.5;30;0;0;1627;752;1002;121;3502
Ssa;L;0.8;0.6;30;0;0;1729;752;1002;132;3615
Ssa;L;0.8;0.4;0;4;0;1814;752;1002;147;3715
Ssa;L;0.8;0.5;0;4;0;1937;752;1002;163;3854
Ssa;L;0.8;0.6;0;4;0;2057;752;1002;178;3989
Ssa;L;0.8;0.4;0;6;0;1782;752;1002;144;3679
Ssa;L;0.8;0.5;0;6;0;1897;752;1002;159;3809
Ssa;L;0.8;0.6;0;6;0;2008;752;1002;174;3936
Ssa;L;0.8;0.4;0;8;0;1750;752;1002;141;3644
Ssa;L;0.8;0.5;0;8;0;1858;752;1002;155;3767
Ssa;L;0.8;0.6;0;8;0;1962;752;1002;169;3885
Ssa;L;0.7;0.4;0;0;0;1808;752;1002;146;3707
Ssa;L;0.7;0.5;0;0;0;1928;752;1002;161;3843
Ssa;L;0.7;0.6;0;0;0;2045;752;1002;176;3975
Ssa;L;0.7;0.4;10;0;0;1628;752;1002;124;3506
Ssa;L;0.7;0.5;10;0;0;1748;752;1002;140;3642
Ssa;L;0.7;0.6;10;0;0;1867;752;1002;155;3776
Ssa;L;0.7;0.4;20;0;0;1564;752;1002;114;3431
Ssa;L;0.7;0.5;20;0;0;1651;752;1002;123;3528
Ssa;L;0.7;0.6;20;0;0;1733;752;1002;138;3625
Ssa;L;0.7;0.4;30;0;0;1517;752;1002;109;3380
Ssa;L;0.7;0.5;30;0;0;1591;752;1002;117;3461
Ssa;L;0.7;0.6;30;0;0;1679;752;1002;126;3559
Ssa;L;0.7;0.4;0;4;0;1759;752;1002;141;3654
Ssa;L;0.7;0.5;0;4;0;1869;752;1002;156;3778
Ssa;L;0.7;0.6;0;4;0;1974;752;1002;170;3898
Ssa;L;0.7;0.4;0;6;0;1729;752;1002;138;3622
Ssa;L;0.7;0.5;0;6;0;1832;752;1002;152;3738
Ssa;L;0.7;0.6;0;6;0;1930;752;1002;165;3850
Ssa;L;0.7;0.4;0;8;0;1701;752;1002;136;3591
Ssa;L;0.7;0.5;0;8;0;1796;752;1002;149;3699
Ssa;L;0.7;0.6;0;8;0;1889;752;1002;161;3804
Ssa;L;0.6;0.4;0;0;0;1756;752;1002;140;3650
Ssa;L;0.6;0.5;0;0;0;1864;752;1002;154;3773
Ssa;L;0.6;0.6;0;0;0;1969;752;1002;168;3891
Ssa;L;0.6;0.4;10;0;0;1594;752;1002;121;3469
Ssa;L;0.6;0.5;10;0;0;1703;752;1002;135;3592
Ssa;L;0.6;0.6;10;0;0;1809;752;1002;149;3712
Ssa;L;0.6;0.4;20;0;0;1536;752;1002;111;3400
Ssa;L;0.6;0.5;20;0;0;1613;752;1002;119;3486
Ssa;L;0.6;0.6;20;0;0;1688;752;1002;134;3575
Ssa;L;0.6;0.4;30;0;0;1494;752;1002;106;3354
Ssa;L;0.6;0.5;30;0;0;1559;752;1002;113;3426
Ssa;L;0.6;0.6;30;0;0;1639;752;1002;122;3515
Ssa;L;0.6;0.4;0;4;0;1712;752;1002;136;3602
Ssa;L;0.6;0.5;0;4;0;1810;752;1002;149;3713
Ssa;L;0.6;0.6;0;4;0;1904;752;1002;162;3820
Ssa;L;0.6;0.4;0;6;0;1684;752;1002;134;3572
Ssa;L;0.6;0.5;0;6;0;1777;752;1002;146;3677
Ssa;L;0.6;0.6;0;6;0;1865;752;1002;158;3777
Ssa;L;0.6;0.4;0;8;0;1658;752;1002;131;3544
Ssa;L;0.6;0.5;0;8;0;1744;752;1002;143;3642
Ssa;L;0.6;0.6;0;8;0;1827;752;1002;155;3736
Ssa;L;0.5;0.4;0;0;0;1712;752;1002;136;3602
Ssa;L;0.5;0.5;0;0;0;1810;752;1002;149;3713
Ssa;L;0.5;0.6;0;0;0;1905;752;1002;162;3821
Ssa;L;0.5;0.4;10;0;0;1567;752;1002;119;3439
Ssa;L;0.5;0.5;10;0;0;1664;752;1002;131;3549
Ssa;L;0.5;0.6;10;0;0;1760;752;1002;144;3658
Ssa;L;0.5;0.4;20;0;0;1513;752;1002;108;3375
Ssa;L;0.5;0.5;20;0;0;1559;752;1002;117;3430
Ssa;L;0.5;0.6;20;0;0;1649;752;1002;129;3532
Ssa;L;0.5;0.4;30;0;0;1475;752;1002;104;3333
Ssa;L;0.5;0.5;30;0;0;1532;752;1002;110;3396
Ssa;L;0.5;0.6;30;0;0;1603;752;1002;118;3474
Ssa;L;0.5;0.4;0;4;0;1672;752;1002;132;3558
Ssa;L;0.5;0.5;0;4;0;1760;752;1002;144;3659
Ssa;L;0.5;0.6;0;4;0;1846;752;1002;156;3756
Ssa;L;0.5;0.4;0;6;0;1647;752;1002;130;3531
Ssa;L;0.5;0.5;0;6;0;1730;752;1002;142;3625
Ssa;L;0.5;0.6;0;6;0;1809;752;1002;153;3716
Ssa;L;0.5;0.4;0;8;0;1623;752;1002;128;3505
Ssa;L;0.5;0.5;0;8;0;1701;752;1002;139;3593
Ssa;L;0.5;0.6;0;8;0;1775;752;1002;149;3678
Ssa;L;0.4;0.4;0;0;0;1688;752;1002;136;3578
Ssa;L;0.4;0.5;0;0;0;1779;752;1002;148;3681
Ssa;L;0.4;0.6;0;0;0;1865;752;1002;160;3779
Ssa;L;0.4;0.4;10;0;0;1554;752;1002;118;3426
Ssa;L;0.4;0.5;10;0;0;1644;752;1002;131;3529
Ssa;L;0.4;0.6;10;0;0;1732;752;1002;143;3629
Ssa;L;0.4;0.4;20;0;0;1494;752;1002;106;3354
Ssa;L;0.4;0.5;20;0;0;1542;752;1002;116;3412
Ssa;L;0.4;0.6;20;0;0;1626;752;1002;128;3508
Ssa;L;0.4;0.4;30;0;0;1460;752;1002;102;3316
Ssa;L;0.4;0.5;30;0;0;1512;752;1002;108;3374
Ssa;L;0.4;0.6;30;0;0;1550;752;1002;117;3420
Ssa;L;0.4;0.4;0;4;0;1650;752;1002;132;3535
Ssa;L;0.4;0.5;0;4;0;1730;752;1002;143;3628
Ssa;L;0.4;0.6;0;4;0;1808;752;1002;154;3716
Ssa;L;0.4;0.4;0;6;0;1626;752;1002;130;3510
Ssa;L;0.4;0.5;0;6;0;1701;752;1002;141;3595
Ssa;L;0.4;0.6;0;6;0;1773;752;1002;151;3677
Ssa;L;0.4;0.4;0;8;0;1603;752;1002;128;3485
Ssa;L;0.4;0.5;0;8;0;1673;752;1002;138;3565
Ssa;L;0.4;0.6;0;8;0;1739;752;1002;148;3641
Ssa;L;0.3;0.4;0;0;0;1637;752;1002;131;3522
Ssa;L;0.3;0.5;0;0;0;1712;752;1002;142;3608
Ssa;L;0.3;0.6;0;0;0;1785;752;1002;152;3691
Ssa;L;0.3;0.4;10;0;0;1519;752;1002;115;3388
Ssa;L;0.3;0.5;10;0;0;1596;752;1002;126;3475
Ssa;L;0.3;0.6;10;0;0;1669;752;1002;137;3560
Ssa;L;0.3;0.4;20;0;0;1466;752;1002;103;3322
Ssa;L;0.3;0.5;20;0;0;1507;752;1002;113;3373
Ssa;L;0.3;0.6;20;0;0;1578;752;1002;123;3455
Ssa;L;0.3;0.4;30;0;0;1438;752;1002;100;3291
Ssa;L;0.3;0.5;30;0;0;1480;752;1002;104;3338
Ssa;L;0.3;0.6;30;0;0;1511;752;1002;113;3377
Ssa;L;0.3;0.4;0;4;0;1602;752;1002;128;3484
Ssa;L;0.3;0.5;0;4;0;1670;752;1002;137;3561
Ssa;L;0.3;0.6;0;4;0;1735;752;1002;147;3636
Ssa;L;0.3;0.4;0;6;0;1581;752;1002;126;3460
Ssa;L;0.3;0.5;0;6;0;1644;752;1002;135;3533
Ssa;L;0.3;0.6;0;6;0;1704;752;1002;144;3602
Ssa;L;0.3;0.4;0;8;0;1561;752;1002;124;3438
Ssa;L;0.3;0.5;0;8;0;1619;752;1002;133;3505
Ssa;L;0.3;0.6;0;8;0;1675;752;1002;141;3570
Ssa;S;0.8;0.4;0;0;0;1435;752;1002;105;3295
Ssa;S;0.8;0.5;0;0;0;1488;752;1002;111;3354
Ssa;S;0.8;0.6;0;0;0;1542;752;1002;117;3413
Ssa;S;0.8;0.4;10;0;0;1449;752;1002;99;3302
Ssa;S;0.8;0.5;10;0;0;1505;752;1002;105;3364
Ssa;S;0.8;0.6;10;0;0;1557;752;1002;111;3421
Ssa;S;0.8;0.4;20;0;0;1430;752;1002;98;3282
Ssa;S;0.8;0.5;20;0;0;1484;752;1002;103;3341
Ssa;S;0.8;0.6;20;0;0;1534;752;1002;109;3396
Ssa;S;0.8;0.4;30;0;0;1408;752;1002;97;3259
Ssa;S;0.8;0.5;30;0;0;1470;752;1002;102;3325
Ssa;S;0.8;0.6;30;0;0;1520;752;1002;107;3381
Ssa;S;0.8;0.4;0;4;0;1401;752;1002;101;3255
Ssa;S;0.8;0.5;0;4;0;1501;752;1002;104;3359
Ssa;S;0.8;0.6;0;4;0;1546;752;1002;109;3409
Ssa;S;0.8;0.4;0;6;0;1437;752;1002;98;3289
Ssa;S;0.8;0.5;0;6;0;1484;752;1002;103;3341
Ssa;S;0.8;0.6;0;6;0;1527;752;1002;108;3389
Ssa;S;0.8;0.4;0;8;0;1426;752;1002;97;3277
Ssa;S;0.8;0.5;0;8;0;1471;752;1002;102;3327
Ssa;S;0.8;0.6;0;8;0;1514;752;1002;106;3374
Ssa;S;0.7;0.4;0;0;0;1411;752;1002;103;3267
Ssa;S;0.7;0.5;0;0;0;1460;752;1002;108;3322
Ssa;S;0.7;0.6;0;0;0;1508;752;1002;113;3376
Ssa;S;0.7;0.4;10;0;0;1428;752;1002;97;3279
Ssa;S;0.7;0.5;10;0;0;1478;752;1002;102;3334
Ssa;S;0.7;0.6;10;0;0;1524;752;1002;107;3385
Ssa;S;0.7;0.4;20;0;0;1412;752;1002;96;3261
Ssa;S;0.7;0.5;20;0;0;1459;752;1002;100;3314
Ssa;S;0.7;0.6;20;0;0;1504;752;1002;105;3364
Ssa;S;0.7;0.4;30;0;0;1393;752;1002;95;3242
Ssa;S;0.7;0.5;30;0;0;1447;752;1002;99;3301
Ssa;S;0.7;0.6;30;0;0;1492;752;1002;104;3350
Ssa;S;0.7;0.4;0;4;0;1383;752;1002;99;3235
Ssa;S;0.7;0.5;0;4;0;1474;752;1002;101;3329
Ssa;S;0.7;0.6;0;4;0;1514;752;1002;106;3374
Ssa;S;0.7;0.4;0;6;0;1417;752;1002;96;3266
Ssa;S;0.7;0.5;0;6;0;1459;752;1002;100;3313
Ssa;S;0.7;0.6;0;6;0;1498;752;1002;104;3356
Ssa;S;0.7;0.4;0;8;0;1407;752;1002;95;3256
Ssa;S;0.7;0.5;0;8;0;1448;752;1002;99;3300
Ssa;S;0.7;0.6;0;8;0;1484;752;1002;103;3341
Ssa;S;0.6;0.4;0;0;0;1391;752;1002;100;3245
Ssa;S;0.6;0.5;0;0;0;1435;752;1002;105;3294
Ssa;S;0.6;0.6;0;0;0;1479;752;1002;110;3343
Ssa;S;0.6;0.4;10;0;0;1409;752;1002;95;3258
Ssa;S;0.6;0.5;10;0;0;1454;752;1002;100;3307
Ssa;S;0.6;0.6;10;0;0;1495;752;1002;104;3353
Ssa;S;0.6;0.4;20;0;0;1394;752;1002;94;3242
Ssa;S;0.6;0.5;20;0;0;1437;752;1002;98;3290
Ssa;S;0.6;0.6;20;0;0;1480;752;1002;103;3337
Ssa;S;0.6;0.4;30;0;0;1379;752;1002;93;3227
Ssa;S;0.6;0.5;30;0;0;1427;752;1002;97;3278
Ssa;S;0.6;0.6;30;0;0;1470;752;1002;102;3325
Ssa;S;0.6;0.4;0;4;0;1364;752;1002;97;3215
Ssa;S;0.6;0.5;0;4;0;1449;752;1002;99;3302
Ssa;S;0.6;0.6;0;4;0;1486;752;1002;103;3343
Ssa;S;0.6;0.4;0;6;0;1398;752;1002;94;3246
Ssa;S;0.6;0.5;0;6;0;1436;752;1002;98;3288
Ssa;S;0.6;0.6;0;6;0;1473;752;1002;102;3329
Ssa;S;0.6;0.4;0;8;0;1392;752;1002;93;3239
Ssa;S;0.6;0.5;0;8;0;1427;752;1002;97;3277
Ssa;S;0.6;0.6;0;8;0;1462;752;1002;101;3316
Ssa;S;0.5;0.4;0;0;0;1374;752;1002;98;3226
Ssa;S;0.5;0.5;0;0;0;1415;752;1002;103;3271
Ssa;S;0.5;0.6;0;0;0;1454;752;1002;107;3315
Ssa;S;0.5;0.4;10;0;0;1395;752;1002;93;3242
Ssa;S;0.5;0.5;10;0;0;1433;752;1002;98;3284
Ssa;S;0.5;0.6;10;0;0;1473;752;1002;102;3328
Ssa;S;0.5;0.4;20;0;0;1382;752;1002;92;3228
Ssa;S;0.5;0.5;20;0;0;1421;752;1002;96;3271
Ssa;S;0.5;0.6;20;0;0;1458;752;1002;100;3312
Ssa;S;0.5;0.4;30;0;0;1374;752;1002;92;3219
Ssa;S;0.5;0.5;30;0;0;1412;752;1002;95;3261
Ssa;S;0.5;0.6;30;0;0;1448;752;1002;100;3302
Ssa;S;0.5;0.4;0;4;0;1351;752;1002;95;3200
Ssa;S;0.5;0.5;0;4;0;1429;752;1002;97;3279
Ssa;S;0.5;0.6;0;4;0;1464;752;1002;101;3319
Ssa;S;0.5;0.4;0;6;0;1385;752;1002;92;3231
Ssa;S;0.5;0.5;0;6;0;1419;752;1002;96;3269
Ssa;S;0.5;0.6;0;6;0;1451;752;1002;99;3304
Ssa;S;0.5;0.4;0;8;0;1377;752;1002;92;3223
Ssa;S;0.5;0.5;0;8;0;1410;752;1002;95;3259
Ssa;S;0.5;0.6;0;8;0;1440;752;1002;98;3292
Ssa;S;0.4;0.4;0;0;0;1366;752;1002;97;3216
Ssa;S;0.4;0.5;0;0;0;1403;752;1002;101;3258
Ssa;S;0.4;0.6;0;0;0;1468;752;1002;104;3326
Ssa;S;0.4;0.4;10;0;0;1385;752;1002;92;3231
Ssa;S;0.4;0.5;10;0;0;1421;752;1002;96;3271
Ssa;S;0.4;0.6;10;0;0;1457;752;1002;100;3312
Ssa;S;0.4;0.4;20;0;0;1374;752;1002;91;3219
Ssa;S;0.4;0.5;20;0;0;1410;752;1002;95;3259
Ssa;S;0.4;0.6;20;0;0;1444;752;1002;99;3296
Ssa;S;0.4;0.4;30;0;0;1366;752;1002;91;3211
Ssa;S;0.4;0.5;30;0;0;1401;752;1002;94;3249
Ssa;S;0.4;0.6;30;0;0;1437;752;1002;98;3289
Ssa;S;0.4;0.4;0;4;0;1349;752;1002;94;3197
Ssa;S;0.4;0.5;0;4;0;1382;752;1002;98;3233
Ssa;S;0.4;0.6;0;4;0;1412;752;1002;101;3268
Ssa;S;0.4;0.4;0;6;0;1375;752;1002;91;3220
Ssa;S;0.4;0.5;0;6;0;1407;752;1002;95;3256
Ssa;S;0.4;0.6;0;6;0;1436;752;1002;98;3288
Ssa;S;0.4;0.4;0;8;0;1369;752;1002;91;3213
Ssa;S;0.4;0.5;0;8;0;1399;752;1002;94;3247
Ssa;S;0.4;0.6;0;8;0;1429;752;1002;97;3280
Ssa;S;0.3;0.4;0;0;0;1343;752;1002;95;3192
Ssa;S;0.3;0.5;0;0;0;1384;752;1002;98;3236
Ssa;S;0.3;0.6;0;0;0;1435;752;1002;101;3290
Ssa;S;0.3;0.4;10;0;0;1365;752;1002;90;3210
Ssa;S;0.3;0.5;10;0;0;1398;752;1002;94;3245
Ssa;S;0.3;0.6;10;0;0;1429;752;1002;97;3280
Ssa;S;0.3;0.4;20;0;0;1358;752;1002;90;3202
Ssa;S;0.3;0.5;20;0;0;1389;752;1002;93;3236
Ssa;S;0.3;0.6;20;0;0;1418;752;1002;96;3268
Ssa;S;0.3;0.4;30;0;0;1352;752;1002;89;3195
Ssa;S;0.3;0.5;30;0;0;1382;752;1002;92;3228
Ssa;S;0.3;0.6;30;0;0;1411;752;1002;96;3261
Ssa;S;0.3;0.4;0;4;0;1331;752;1002;92;3177
Ssa;S;0.3;0.5;0;4;0;1359;752;1002;95;3208
Ssa;S;0.3;0.6;0;4;0;1385;752;1002;99;3238
Ssa;S;0.3;0.4;0;6;0;1357;752;1002;89;3200
Ssa;S;0.3;0.5;0;6;0;1384;752;1002;92;3230
Ssa;S;0.3;0.6;0;6;0;1410;752;1002;95;3259
Ssa;S;0.3;0.4;0;8;0;1353;752;1002;89;3196
Ssa;S;0.3;0.5;0;8;0;1379;752;1002;92;3225
Ssa;S;0.3;0.6;0;8;0;1402;752;1002;94;3251
Ssa;O;0.8;0.4;0;0;0;1985;752;1002;170;3909
Ssa;O;0.8;0.5;0;0;0;2141;752;1002;190;4085
Ssa;O;0.8;0.6;0;0;0;2309;752;1002;208;4270
Ssa;O;0.8;0.4;10;0;0;1781;752;1002;147;3682
Ssa;O;0.8;0.5;10;0;0;1934;752;1002;166;3854
Ssa;O;0.8;0.6;10;0;0;2083;752;1002;185;4022
Ssa;O;0.8;0.4;20;0;0;1654;752;1002;132;3539
Ssa;O;0.8;0.5;20;0;0;1787;752;1002;149;3689
Ssa;O;0.8;0.6;20;0;0;1924;752;1002;166;3844
Ssa;O;0.8;0.4;30;0;0;1577;752;1002;123;3454
Ssa;O;0.8;0.5;30;0;0;1691;752;1002;137;3582
Ssa;O;0.8;0.6;30;0;0;1827;752;1002;154;3735
Ssa;O;0.8;0.4;0;4;0;1924;752;1002;164;3842
Ssa;O;0.8;0.5;0;4;0;2066;752;1002;183;4002
Ssa;O;0.8;0.6;0;4;0;2214;752;1002;199;4167
Ssa;O;0.8;0.4;0;6;0;1886;752;1002;160;3800
Ssa;O;0.8;0.5;0;6;0;2019;752;1002;178;3951
Ssa;O;0.8;0.6;0;6;0;2156;752;1002;194;4104
Ssa;O;0.8;0.4;0;8;0;1850;752;1002;157;3761
Ssa;O;0.8;0.5;0;8;0;1974;752;1002;174;3902
Ssa;O;0.8;0.6;0;8;0;2101;752;1002;189;4044
Ssa;O;0.7;0.4;0;0;0;1919;752;1002;162;3836
Ssa;O;0.7;0.5;0;0;0;2059;752;1002;181;3993
Ssa;O;0.7;0.6;0;0;0;2198;752;1002;197;4150
Ssa;O;0.7;0.4;10;0;0;1736;752;1002;142;3631
Ssa;O;0.7;0.5;10;0;0;1873;752;1002;159;3785
Ssa;O;0.7;0.6;10;0;0;2005;752;1002;176;3935
Ssa;O;0.7;0.4;20;0;0;1619;752;1002;128;3501
Ssa;O;0.7;0.5;20;0;0;1739;752;1002;143;3637
Ssa;O;0.7;0.6;20;0;0;1863;752;1002;159;3776
Ssa;O;0.7;0.4;30;0;0;1549;752;1002;120;3424
Ssa;O;0.7;0.5;30;0;0;1653;752;1002;133;3540
Ssa;O;0.7;0.6;30;0;0;1775;752;1002;148;3678
Ssa;O;0.7;0.4;0;4;0;1864;752;1002;157;3775
Ssa;O;0.7;0.5;0;4;0;1990;752;1002;174;3918
Ssa;O;0.7;0.6;0;4;0;2113;752;1002;190;4057
Ssa;O;0.7;0.4;0;6;0;1829;752;1002;154;3737
Ssa;O;0.7;0.5;0;6;0;1947;752;1002;170;3870
Ssa;O;0.7;0.6;0;6;0;2062;752;1002;185;4001
Ssa;O;0.7;0.4;0;8;0;1796;752;1002;151;3700
Ssa;O;0.7;0.5;0;8;0;1907;752;1002;165;3826
Ssa;O;0.7;0.6;0;8;0;2014;752;1002;180;3948
Ssa;O;0.6;0.4;0;0;0;1865;752;1002;156;3775
Ssa;O;0.6;0.5;0;0;0;1990;752;1002;173;3916
Ssa;O;0.6;0.6;0;0;0;2110;752;1002;189;4053
Ssa;O;0.6;0.4;10;0;0;1698;752;1002;137;3588
Ssa;O;0.6;0.5;10;0;0;1819;752;1002;153;3726
Ssa;O;0.6;0.6;10;0;0;1940;752;1002;168;3862
Ssa;O;0.6;0.4;20;0;0;1590;752;1002;125;3469
Ssa;O;0.6;0.5;20;0;0;1700;752;1002;139;3592
Ssa;O;0.6;0.6;20;0;0;1809;752;1002;153;3716
Ssa;O;0.6;0.4;30;0;0;1528;752;1002;118;3399
Ssa;O;0.6;0.5;30;0;0;1621;752;1002;129;3504
Ssa;O;0.6;0.6;30;0;0;1729;752;1002;143;3627
Ssa;O;0.6;0.4;0;4;0;1813;752;1002;151;3718
Ssa;O;0.6;0.5;0;4;0;1926;752;1002;166;3846
Ssa;O;0.6;0.6;0;4;0;2035;752;1002;181;3970
Ssa;O;0.6;0.4;0;6;0;1781;752;1002;148;3683
Ssa;O;0.6;0.5;0;6;0;1887;752;1002;163;3803
Ssa;O;0.6;0.6;0;6;0;1989;752;1002;176;3919
Ssa;O;0.6;0.4;0;8;0;1750;752;1002;145;3649
Ssa;O;0.6;0.5;0;8;0;1849;752;1002;159;3762
Ssa;O;0.6;0.6;0;8;0;1944;752;1002;172;3870
Ssa;O;0.5;0.4;0;0;0;1817;752;1002;151;3722
Ssa;O;0.5;0.5;0;0;0;1929;752;1002;166;3849
Ssa;O;0.5;0.6;0;0;0;2038;752;1002;181;3972
Ssa;O;0.5;0.4;10;0;0;1663;752;1002;134;3551
Ssa;O;0.5;0.5;10;0;0;1775;752;1002;148;3677
Ssa;O;0.5;0.6;10;0;0;1882;752;1002;162;3798
Ssa;O;0.5;0.4;20;0;0;1565;752;1002;123;3442
Ssa;O;0.5;0.5;20;0;0;1664;752;1002;135;3553
Ssa;O;0.5;0.6;20;0;0;1764;752;1002;148;3666
Ssa;O;0.5;0.4;30;0;0;1508;752;1002;116;3378
Ssa;O;0.5;0.5;30;0;0;1592;752;1002;127;3472
Ssa;O;0.5;0.6;30;0;0;1691;752;1002;139;3584
Ssa;O;0.5;0.4;0;4;0;1769;752;1002;147;3669
Ssa;O;0.5;0.5;0;4;0;1872;752;1002;160;3786
Ssa;O;0.5;0.6;0;4;0;1970;752;1002;174;3897
Ssa;O;0.5;0.4;0;6;0;1740;752;1002;144;3637
Ssa;O;0.5;0.5;0;6;0;1835;752;1002;157;3746
Ssa;O;0.5;0.6;0;6;0;1926;752;1002;169;3849
Ssa;O;0.5;0.4;0;8;0;1711;752;1002;141;3606
Ssa;O;0.5;0.5;0;8;0;1800;752;1002;153;3707
Ssa;O;0.5;0.6;0;8;0;1885;752;1002;165;3804
Ssa;O;0.4;0.4;0;0;0;1791;752;1002;149;3694
Ssa;O;0.4;0.5;0;0;0;1893;752;1002;163;3810
Ssa;O;0.4;0.6;0;0;0;1991;752;1002;177;3922
Ssa;O;0.4;0.4;10;0;0;1646;752;1002;133;3532
Ssa;O;0.4;0.5;10;0;0;1747;752;1002;146;3647
Ssa;O;0.4;0.6;10;0;0;1844;752;1002;160;3758
Ssa;O;0.4;0.4;20;0;0;1554;752;1002;122;3430
Ssa;O;0.4;0.5;20;0;0;1644;752;1002;134;3532
Ssa;O;0.4;0.6;20;0;0;1734;752;1002;146;3634
Ssa;O;0.4;0.4;30;0;0;1500;752;1002;116;3370
Ssa;O;0.4;0.5;30;0;0;1576;752;1002;126;3456
Ssa;O;0.4;0.6;30;0;0;1667;752;1002;138;3559
Ssa;O;0.4;0.4;0;4;0;1744;752;1002;145;3643
Ssa;O;0.4;0.5;0;4;0;1836;752;1002;158;3748
Ssa;O;0.4;0.6;0;4;0;1923;752;1002;170;3847
Ssa;O;0.4;0.4;0;6;0;1714;752;1002;142;3611
Ssa;O;0.4;0.5;0;6;0;1800;752;1002;154;3708
Ssa;O;0.4;0.6;0;6;0;1882;752;1002;166;3802
Ssa;O;0.4;0.4;0;8;0;1687;752;1002;140;3580
Ssa;O;0.4;0.5;0;8;0;1766;752;1002;151;3671
Ssa;O;0.4;0.6;0;8;0;1843;752;1002;162;3759
Ssa;O;0.3;0.4;0;0;0;1729;752;1002;143;3626
Ssa;O;0.3;0.5;0;0;0;1815;752;1002;155;3724
Ssa;O;0.3;0.6;0;0;0;1897;752;1002;167;3818
Ssa;O;0.3;0.4;10;0;0;1603;752;1002;128;3485
Ssa;O;0.3;0.5;10;0;0;1687;752;1002;140;3582
Ssa;O;0.3;0.6;10;0;0;1769;752;1002;152;3675
Ssa;O;0.3;0.4;20;0;0;1522;752;1002;119;3395
Ssa;O;0.3;0.5;20;0;0;1598;752;1002;129;3481
Ssa;O;0.3;0.6;20;0;0;1674;752;1002;140;3568
Ssa;O;0.3;0.4;30;0;0;1475;752;1002;114;3342
Ssa;O;0.3;0.5;30;0;0;1539;752;1002;122;3415
Ssa;O;0.3;0.6;30;0;0;1616;752;1002;133;3502
Ssa;O;0.3;0.4;0;4;0;1687;752;1002;139;3580
Ssa;O;0.3;0.5;0;4;0;1764;752;1002;150;3669
Ssa;O;0.3;0.6;0;4;0;1838;752;1002;161;3754
Ssa;O;0.3;0.4;0;6;0;1661;752;1002;137;3552
Ssa;O;0.3;0.5;0;6;0;1733;752;1002;147;3634
Ssa;O;0.3;0.6;0;6;0;1802;752;1002;157;3713
Ssa;O;0.3;0.4;0;8;0;1637;752;1002;134;3525
Ssa;O;0.3;0.5;0;8;0;1704;752;1002;144;3602
Ssa;O;0.3;0.6;0;8;0;1767;752;1002;154;3674
